
{
	"allowSleep" : true,
	"autoClearForces" : true,
	"body" : 
	[
		
		{
			"angle" : 0,
			"angularVelocity" : 0,
			"awake" : true,
			"fixture" : 
			[
				
				{
					"chain" : 
					{
						"hasNextVertex" : true,
						"hasPrevVertex" : true,
						"nextVertex" : 
						{
							"x" : 24.64089965820312,
							"y" : -1.442849993705750
						},
						"prevVertex" : 
						{
							"x" : -24.73030090332031,
							"y" : 11.12220001220703
						},
						"vertices" : 
						{
							"x" : 
							[
								-256.9100036621094,
								24.64089965820312,
								21.48909950256348,
								16.99270057678223,
								-24.73030090332031,
								-256.9100036621094
							],
							"y" : 
							[
								0.4730310142040253,
								-1.442849993705750,
								5.482600212097168,
								16.14109992980957,
								11.12220001220703,
								0.4730310142040253
							]
						}
					},
					"density" : 1,
					"filter-categoryBits" : 3,
					"filter-maskBits" : 65533,
					"friction" : 0.2,
					"name" : "fixture3"
				}
			],
			"linearVelocity" : 0,
			"name" : "wall",
			"position" : 
			{
				"x" : -0.01899239979684353,
				"y" : 1.139520049095154
			},
			"type" : 0
		},
		
		{
			"active" : false,
			"angle" : -1.564966678619385,
			"angularVelocity" : 0,
			"awake" : true,
			"fixture" : 
			[
				
				{
					"chain" : 
					{
						"vertices" : 
						{
							"x" : [ -3.092819929122925, 3.092819929122925 ],
							"y" : [ 0.0, 0.0 ]
						}
					},
					"density" : 1,
					"friction" : 0.2,
					"name" : "fixture0"
				}
			],
			"linearVelocity" : 0,
			"name" : "left",
			"position" : 
			{
				"x" : -3.704749822616577,
				"y" : 1.091551303863525
			},
			"type" : 0
		},
		
		{
			"angle" : 0,
			"angularVelocity" : 0,
			"awake" : true,
			"fixture" : 
			[
				
				{
					"circle" : 
					{
						"center" : 
						{
							"x" : -5.960464477539062e-08,
							"y" : 0
						},
						"radius" : 0.1744257211685181
					},
					"density" : 1,
					"filter-maskBits" : 65533,
					"friction" : 0.2,
					"name" : "fixture1",
					"restitution" : 1
				}
			],
			"linearVelocity" : 0,
			"massData-I" : 0.001453991979360580,
			"massData-center" : 
			{
				"x" : -5.960464122267695e-08,
				"y" : 0
			},
			"massData-mass" : 0.09558086097240448,
			"name" : "circle",
			"position" : 
			{
				"x" : -0.7116467952728271,
				"y" : 1.686528325080872
			},
			"type" : 2
		},
		
		{
			"angle" : 0,
			"angularVelocity" : 0,
			"awake" : true,
			"fixture" : 
			[
				
				{
					"circle" : 
					{
						"center" : 
						{
							"x" : 0,
							"y" : 2.384185791015625e-07
						},
						"radius" : 0.1744257211685181
					},
					"density" : 1,
					"filter-maskBits" : 65533,
					"friction" : 0.2,
					"name" : "fixture1",
					"restitution" : 1
				}
			],
			"linearVelocity" : 0,
			"massData-I" : 0.001453991979360580,
			"massData-center" : 
			{
				"x" : 0,
				"y" : 2.384185648907078e-07
			},
			"massData-mass" : 0.09558086097240448,
			"name" : "circle",
			"position" : 
			{
				"x" : 0.5962664484977722,
				"y" : 1.718240737915039
			},
			"type" : 2
		},
		
		{
			"angle" : 0,
			"angularVelocity" : 0,
			"awake" : true,
			"fixture" : 
			[
				
				{
					"circle" : 
					{
						"center" : 0,
						"radius" : 0.1744257211685181
					},
					"density" : 1,
					"filter-maskBits" : 65533,
					"friction" : 0.2,
					"name" : "fixture1",
					"restitution" : 1
				}
			],
			"linearVelocity" : 0,
			"massData-I" : 0.001453991979360580,
			"massData-mass" : 0.09558086097240448,
			"name" : "circle",
			"position" : 
			{
				"x" : -2.339099407196045,
				"y" : 1.746449708938599
			},
			"type" : 2
		},
		
		{
			"angle" : 0,
			"angularVelocity" : 0,
			"awake" : true,
			"fixture" : 
			[
				
				{
					"circle" : 
					{
						"center" : 
						{
							"x" : -2.384185791015625e-07,
							"y" : -1.192092895507812e-07
						},
						"radius" : 0.1744257211685181
					},
					"density" : 1,
					"filter-maskBits" : 65533,
					"friction" : 0.2,
					"name" : "fixture1",
					"restitution" : 1
				}
			],
			"linearVelocity" : 0,
			"massData-I" : 0.001453991979360580,
			"massData-center" : 
			{
				"x" : -2.384185648907078e-07,
				"y" : -1.192092824453539e-07
			},
			"massData-mass" : 0.09558086097240448,
			"name" : "circle",
			"position" : 
			{
				"x" : -2.973239898681641,
				"y" : 1.754377841949463
			},
			"type" : 2
		},
		
		{
			"angle" : 0,
			"angularVelocity" : 0,
			"awake" : true,
			"fixture" : 
			[
				
				{
					"circle" : 
					{
						"center" : 
						{
							"x" : 0,
							"y" : -1.192092895507812e-07
						},
						"radius" : 0.1744257211685181
					},
					"density" : 1,
					"filter-maskBits" : 65533,
					"friction" : 0.2,
					"name" : "fixture1",
					"restitution" : 1
				}
			],
			"linearVelocity" : 0,
			"massData-I" : 0.001453991979360580,
			"massData-center" : 
			{
				"x" : 0,
				"y" : -1.192092824453539e-07
			},
			"massData-mass" : 0.09558086097240448,
			"name" : "circle",
			"position" : 
			{
				"x" : -1.665332198143005,
				"y" : 1.786090254783630
			},
			"type" : 2
		},
		
		{
			"angle" : 0,
			"angularVelocity" : 0,
			"awake" : true,
			"fixture" : 
			[
				
				{
					"circle" : 
					{
						"center" : 
						{
							"x" : 0,
							"y" : -1.192092895507812e-07
						},
						"radius" : 0.1744257211685181
					},
					"density" : 1,
					"filter-maskBits" : 65533,
					"friction" : 0.2,
					"name" : "fixture1",
					"restitution" : 1
				}
			],
			"linearVelocity" : 0,
			"massData-I" : 0.001453991979360580,
			"massData-center" : 
			{
				"x" : 0,
				"y" : -1.192092824453539e-07
			},
			"massData-mass" : 0.09558086097240448,
			"name" : "circle",
			"position" : 
			{
				"x" : -0.07750736922025681,
				"y" : 1.678600192070007
			},
			"type" : 2
		},
		
		{
			"angle" : 0,
			"angularVelocity" : 0,
			"awake" : true,
			"fixture" : 
			[
				
				{
					"circle" : 
					{
						"center" : 
						{
							"x" : 4.768371582031250e-07,
							"y" : 1.192092895507812e-07
						},
						"radius" : 0.1744257211685181
					},
					"density" : 1,
					"filter-maskBits" : 65533,
					"friction" : 0.2,
					"name" : "fixture1",
					"restitution" : 1
				}
			],
			"linearVelocity" : 0,
			"massData-I" : 0.001453991979360580,
			"massData-center" : 
			{
				"x" : 4.768371297814156e-07,
				"y" : 1.192092824453539e-07
			},
			"massData-mass" : 0.09558086097240448,
			"name" : "circle",
			"position" : 
			{
				"x" : 2.365015506744385,
				"y" : 1.859532117843628
			},
			"type" : 2
		},
		
		{
			"angle" : 0,
			"angularVelocity" : 0,
			"awake" : true,
			"fixture" : 
			[
				
				{
					"circle" : 
					{
						"center" : 
						{
							"x" : 2.384185791015625e-07,
							"y" : 2.384185791015625e-07
						},
						"radius" : 0.1744257211685181
					},
					"density" : 1,
					"filter-maskBits" : 65533,
					"friction" : 0.2,
					"name" : "fixture1",
					"restitution" : 1
				}
			],
			"linearVelocity" : 0,
			"massData-I" : 0.001453991979360580,
			"massData-center" : 
			{
				"x" : 2.384185648907078e-07,
				"y" : 2.384185648907078e-07
			},
			"massData-mass" : 0.09558086097240448,
			"name" : "circle",
			"position" : 
			{
				"x" : 1.730875253677368,
				"y" : 1.867460012435913
			},
			"type" : 2
		},
		
		{
			"angle" : 0,
			"angularVelocity" : 0,
			"awake" : true,
			"fixture" : 
			[
				
				{
					"circle" : 
					{
						"center" : 
						{
							"x" : 2.384185791015625e-07,
							"y" : 0
						},
						"radius" : 0.1744257211685181
					},
					"density" : 1,
					"filter-maskBits" : 65533,
					"friction" : 0.2,
					"name" : "fixture1",
					"restitution" : 1
				}
			],
			"linearVelocity" : 0,
			"massData-I" : 0.001453991979360580,
			"massData-center" : 
			{
				"x" : 2.384185648907078e-07,
				"y" : 0
			},
			"massData-mass" : 0.09558086097240448,
			"name" : "circle",
			"position" : 
			{
				"x" : 3.038782835006714,